"id","country_id:id","name","code"
state_us_1,us,"Alabama","AL"
state_us_2,us,"Alaska","AK"
state_us_3,us,"Arizona","AZ"
state_us_4,us,"Arkansas","AR"
state_us_5,us,"California","CA"
state_us_6,us,"Colorado","CO"
state_us_7,us,"Connecticut","CT"
state_us_8,us,"Delaware","DE"
state_us_9,us,"District of Columbia","DC"
state_us_10,us,"Florida","FL"
state_us_11,us,"Georgia","GA"
state_us_12,us,"Hawaii","HI"
state_us_13,us,"Idaho","ID"
state_us_14,us,"Illinois","IL"
state_us_15,us,"Indiana","IN"
state_us_16,us,"Iowa","IA"
state_us_17,us,"Kansas","KS"
state_us_18,us,"Kentucky","KY"
state_us_19,us,"Louisiana","LA"
state_us_20,us,"Maine","ME"
state_us_21,us,"Montana","MT"
state_us_22,us,"Nebraska","NE"
state_us_23,us,"Nevada","NV"
state_us_24,us,"New Hampshire","NH"
state_us_25,us,"New Jersey","NJ"
state_us_26,us,"New Mexico","NM"
state_us_27,us,"New York","NY"
state_us_28,us,"North Carolina","NC"
state_us_29,us,"North Dakota","ND"
state_us_30,us,"Ohio","OH"
state_us_31,us,"Oklahoma","OK"
state_us_32,us,"Oregon","OR"
state_us_33,us,"Maryland","MD"
state_us_34,us,"Massachusetts","MA"
state_us_35,us,"Michigan","MI"
state_us_36,us,"Minnesota","MN"
state_us_37,us,"Mississippi","MS"
state_us_38,us,"Missouri","MO"
state_us_39,us,"Pennsylvania","PA"
state_us_40,us,"Rhode Island","RI"
state_us_41,us,"South Carolina","SC"
state_us_42,us,"South Dakota","SD"
state_us_43,us,"Tennessee","TN"
state_us_44,us,"Texas","TX"
state_us_45,us,"Utah","UT"
state_us_46,us,"Vermont","VT"
state_us_47,us,"Virginia","VA"
state_us_48,us,"Washington","WA"
state_us_49,us,"West Virginia","WV"
state_us_50,us,"Wisconsin","WI"
state_us_51,us,"Wyoming","WY"
