<?xml version="1.0" encoding="ISO-8859-1"?>
<addresses>
    <address type="fields" name="id">
        <company-title type="field" name="title.name"/>
        <company-name type="field" name="name"/>
        <type type="field" name="type"/>
        <street type="field" name="street"/>
        <street2 type="field" name="street2"/>
        <zip type="field" name="zip"/>
        <city type="field" name="city"/>
        <state type="field" name="state_id.name"/>
        <country type="field" name="country_id.name"/>
    </address>
</addresses>
